ano,campeonato,competidor,resultado,golpe,categoria,genero,etapa,tipo_golpe
2014,2014 World Jiu-Jitsu IBJJF Championship,Marcus Almeida âBuchechaâ,Submission,Choke From The Back,Ultra Heavyweight,Male,Final,Choke (Kimono)
2014,2014 World Jiu-Jitsu IBJJF Championship,Rodolfo Vieira,Submission,Armlock,Super Heavyweight,Male,Final,Armlock
2014,2014 World Jiu-Jitsu IBJJF Championship,Rodolfo Vieira,Submission,Wrist Lock,Absolute Division,Male,Semi-Finals,Wrist Lock
2014,2014 World Jiu-Jitsu IBJJF Championship,Marcus Almeida âBuchechaâ,Submission,Choke From The Back,Ultra Heavyweight,Male,Semi-Finals,Choke (Kimono)
2014,2014 World Jiu-Jitsu IBJJF Championship,Rodolfo Vieira,Submission,Katagatame,Super Heavyweight,Male,Semi-Finals,Choke
2014,2014 World Jiu-Jitsu IBJJF Championship,Felipe Pena,Submission,Choke From The Back,Heavyweight,Male,Semi-Finals,Choke (Kimono)
2014,2014 World Jiu-Jitsu IBJJF Championship,Otavio Sousa,Submission,Armlock,Middleweight,Male,Semi-Finals,Armlock
2014,2014 World Jiu-Jitsu IBJJF Championship,Rafael Mendes,Submission,Choke From The Back,Featherweight,Male,Semi-Finals,Choke (Kimono)
2014,2014 World Jiu-Jitsu IBJJF Championship,Marcus Almeida âBuchechaâ,Submission,Footlock,Absolute Division,Male,Quarter-Finals,Footlock
2014,2014 World Jiu-Jitsu IBJJF Championship,Rodolfo Vieira,Submission,Choke,Absolute Division,Male,Quarter-Finals,Choke
2014,2014 World Jiu-Jitsu IBJJF Championship,Keenan Cornelius,Submission,Triangle Choke,Absolute Division,Male,Quarter-Finals,Choke
2014,2014 World Jiu-Jitsu IBJJF Championship,Marcus Almeida âBuchechaâ,Submission,Armlock,Ultra Heavyweight,Male,Quarter-Finals,Armlock
2014,2014 World Jiu-Jitsu IBJJF Championship,Rodolfo Vieira,Submission,Choke From The Back,Super Heavyweight,Male,Quarter-Finals,Choke (Kimono)
2014,2014 World Jiu-Jitsu IBJJF Championship,Bernardo Faria,Submission,Choke From The Back,Super Heavyweight,Male,Quarter-Finals,Choke (Kimono)
2014,2014 World Jiu-Jitsu IBJJF Championship,Tammi Musumeci,Submission,Choke,Featherweight,Female,Semi-Finals,Choke
2014,2014 Pan Jiu-Jitsu IBJJF Championship,Luiz Panza,Submission,Armlock,Super Heavyweight,Male,Final,Armlock
2014,2014 Pan Jiu-Jitsu IBJJF Championship,Alexander Trans,Submission,Choke From The Back,Ultra Heavyweight,Male,Semi-Finals,Choke (Kimono)
2014,2014 Pan Jiu-Jitsu IBJJF Championship,Andre Galvao,Submission,Choke From The Back,Ultra Heavyweight,Male,Semi-Finals,Choke (Kimono)
2014,2014 Pan Jiu-Jitsu IBJJF Championship,Lucas Leite,Submission,Choke From The Back,Heavyweight,Male,Semi-Finals,Choke (Kimono)
2014,2014 Pan Jiu-Jitsu IBJJF Championship,Keenan Cornelius,Submission,Triangle Arm Bar,Medium Heavyweight,Male,Semi-Finals,Choke
2014,2014 Pan Jiu-Jitsu IBJJF Championship,Michael Langhi,Submission,Omoplata,Lightweight,Male,Semi-Finals,Shoulder Lock
2014,2014 Pan Jiu-Jitsu IBJJF Championship,Paulo Miyao,Submission,Choke From The Back,Light Featherweight,Male,Semi-Finals,Choke (Kimono)
2014,2014 Pan Jiu-Jitsu IBJJF Championship,Joao Miyao,Submission,Choke From The Back,Light Featherweight,Male,Semi-Finals,Choke (Kimono)
2014,2014 Pan Jiu-Jitsu IBJJF Championship,Joao Pedro Somalia,Submission,Choke From The Back,Rooster Weight,Male,Semi-Finals,Choke (Kimono)
2014,2014 Pan Jiu-Jitsu IBJJF Championship,Andre Galvao,Submission,Armlock,Ultra Heavyweight,Male,Quarter-Finals,Armlock
2014,2014 Pan Jiu-Jitsu IBJJF Championship,Alexander Trans,Submission,Choke From The Back,Ultra Heavyweight,Male,Quarter-Finals,Choke (Kimono)
2014,2014 Pan Jiu-Jitsu IBJJF Championship,Bernardo Faria,Submission,Choke From The Back,Super Heavyweight,Male,Quarter-Finals,Choke (Kimono)
2014,2014 Pan Jiu-Jitsu IBJJF Championship,Lucas Leite,Submission,Choke From The Back,Heavyweight,Male,Quarter-Finals,Choke (Kimono)
2014,2014 Pan Jiu-Jitsu IBJJF Championship,Mackenzie Dern,Submission,Omoplata,Featherweight,Female,Semi-Finals,Shoulder Lock
2014,2014 Brazilian National Jiu-Jitsu Championship,Lucas Lepri,Submission,Choke From The Back,Lightweight,Male,Semi-Finals,Choke (Kimono)
2014,2014 Brazilian National Jiu-Jitsu Championship,Paulo Miyao,Submission,Choke From The Back,Featherweight,Male,Semi-Finals,Choke (Kimono)
2014,2014 Brazilian National Jiu-Jitsu Championship,Felipe Pena,Submission,Choke From The Back,Absolute Division,Male,Quarter-Finals,Choke (Kimono)
2014,2014 Brazilian National Jiu-Jitsu Championship,Alexandre Ribeiro,Submission,Cross Choke,Absolute Division,Male,Quarter-Finals,Choke (Kimono)
2015,2015 World Jiu-Jitsu IBJJF Championship,Paulo Miyao,Submission,Choke From The Back,Light Featherweight,Male,Final,Choke (Kimono)
2015,2015 World Jiu-Jitsu IBJJF Championship,Bernardo Faria,Submission,Armlock,Absolute Division,Male,Semi-Finals,Armlock
2015,2015 World Jiu-Jitsu IBJJF Championship,Joao Gabriel Rocha,Submission,Choke From The Back,Super Heavyweight,Male,Semi-Finals,Choke (Kimono)
2015,2015 World Jiu-Jitsu IBJJF Championship,Rafael Mendes,Submission,Wrist Lock,Featherweight,Male,Semi-Finals,Wrist Lock
2015,2015 World Jiu-Jitsu IBJJF Championship,Bruno Malfacine,Submission,Armlock,Rooster Weight,Male,Semi-Finals,Armlock
2015,2015 World Jiu-Jitsu IBJJF Championship,Joao Miyao,Submission,Choke From The Back,Rooster Weight,Male,Semi-Finals,Choke (Kimono)
2015,2015 World Jiu-Jitsu IBJJF Championship,Igor Silva,Submission,Choke,Super Heavyweight,Male,Quarter-Finals,Choke
2015,2015 World Jiu-Jitsu IBJJF Championship,Bernardo Faria,Submission,Armlock,Super Heavyweight,Male,Quarter-Finals,Armlock
2015,2015 World Jiu-Jitsu IBJJF Championship,Joao Gabriel Rocha,Submission,Rear Naked Choke,Super Heavyweight,Male,Quarter-Finals,Choke
2015,2015 World Jiu-Jitsu IBJJF Championship,Gustavo Gusto Campos,Submission,Armlock,Medium Heavyweight,Male,Quarter-Finals,Armlock
2015,2015 World Jiu-Jitsu IBJJF Championship,Renato Cardoso,Submission,Triangle Choke,Medium Heavyweight,Male,Quarter-Finals,Choke
2015,2015 World Jiu-Jitsu IBJJF Championship,Mackenzie Dern,Submission,Choke From The Back,Featherweight,Female,Final,Choke (Kimono)
2015,2015 World Jiu-Jitsu IBJJF Championship,Mackenzie Dern,Submission,Armlock,Absolute Division,Female,Quarter-Finals,Armlock
2015,2015 Brazilian National Jiu-Jitsu Championship,Joao Gabriel Rocha,Submission,Choke,Ultra Heavyweight,Male,Final,Choke
2015,2015 Brazilian National Jiu-Jitsu Championship,Erberth Santos,Submission,Choke From The Back,Super Heavyweight,Male,Final,Choke (Kimono)
2015,2015 Brazilian National Jiu-Jitsu Championship,Cassio Francis,Submission,Choke From The Back,Heavyweight,Male,Final,Choke (Kimono)
2015,2015 Brazilian National Jiu-Jitsu Championship,Renato Cardoso,Submission,Armlock,Medium Heavyweight,Male,Final,Armlock
2015,2015 Brazilian National Jiu-Jitsu Championship,Joao Miyao,Submission,Choke From The Back,Light Featherweight,Male,Final,Choke (Kimono)
2015,2015 Brazilian National Jiu-Jitsu Championship,Renato Cardoso,Submission,Armlock,Absolute Division,Male,Semi-Finals,Armlock
2015,2015 Brazilian National Jiu-Jitsu Championship,Joao Gabriel Rocha,Submission,Choke From The Back,Ultra Heavyweight,Male,Semi-Finals,Choke (Kimono)
2015,2015 Brazilian National Jiu-Jitsu Championship,Joao Miyao,Submission,Choke From The Back,Light Featherweight,Male,Semi-Finals,Choke (Kimono)
2015,2015 Brazilian National Jiu-Jitsu Championship,Thomas Lisboa,Submission,Triangle Choke,Light Featherweight,Male,Semi-Finals,Choke
2015,2015 Brazilian National Jiu-Jitsu Championship,Renato Cardoso,Submission,Triangle Choke,Absolute Division,Male,Quarter-Finals,Choke
2015,2015 Brazilian National Jiu-Jitsu Championship,Renato Cardoso,Submission,Choke From The Back,Medium Heavyweight,Male,Quarter-Finals,Choke (Kimono)
2015,2015 Brazilian National Jiu-Jitsu Championship,Jaime Canuto,Submission,Triangle Choke,Middleweight,Male,Quarter-Finals,Choke
2015,2015 Brazilian National Jiu-Jitsu Championship,Thomas Lisboa,Submission,Armlock,Light Featherweight,Male,Quarter-Finals,Armlock
2015,2015 Brazilian National Jiu-Jitsu Championship,Andresa Correa,Submission,Leg Lock,Medium Heavyweight,Female,Final,Leg Lock
2015,2015 Brazilian National Jiu-Jitsu Championship,Mackenzie Dern,Submission,Choke From Crucifix,Featherweight,Female,Final,Choke (Kimono)
2016,2016 World Jiu-Jitsu IBJJF Championship,Marcus Almeida âBuchechaâ,Submission,Armlock,Ultra Heavyweight,Male,Final,Armlock
2016,2016 World Jiu-Jitsu IBJJF Championship,Lucas Lepri,Submission,Choke From The Back,Lightweight,Male,Final,Choke (Kimono)
2016,2016 World Jiu-Jitsu IBJJF Championship,Erberth Santos,Submission,Armlock,Absolute Division,Male,Semi-Finals,Armlock
2016,2016 World Jiu-Jitsu IBJJF Championship,Marcus Almeida âBuchechaâ,Submission,Armlock,Ultra Heavyweight,Male,Semi-Finals,Armlock
2016,2016 World Jiu-Jitsu IBJJF Championship,Romulo Barral,Submission,Cross Choke,Medium Heavyweight,Male,Semi-Finals,Choke (Kimono)
2016,2016 World Jiu-Jitsu IBJJF Championship,Edwin Najmi,Submission,Darce Choke,Lightweight,Male,Semi-Finals,Choke
2016,2016 World Jiu-Jitsu IBJJF Championship,Rafael Mendes,Submission,Triangle Arm Bar,Featherweight,Male,Semi-Finals,Choke
2016,2016 World Jiu-Jitsu IBJJF Championship,Bruno Malfacine,Submission,Armlock,Rooster Weight,Male,Semi-Finals,Armlock
2016,2016 World Jiu-Jitsu IBJJF Championship,Marcus Almeida âBuchechaâ,Submission,Armlock,Absolute Division,Male,Quarter-Finals,Armlock
2016,2016 World Jiu-Jitsu IBJJF Championship,Ricardo Evangelista,Submission,Armlock,Ultra Heavyweight,Male,Quarter-Finals,Armlock
2016,2016 World Jiu-Jitsu IBJJF Championship,Gezary Matuda,Submission,Choke,Light Featherweight,Female,Final,Choke
2016,2016 World Jiu-Jitsu IBJJF Championship,Rikako Yuasa,Submission,Choke From The Back,Rooster Weight,Female,Final,Choke (Kimono)
2016,2016 Pan Jiu-Jitsu IBJJF Championship,Bernardo Faria,Submission,Ezekiel Choke,Absolute Division,Male,Final,Choke (Kimono)
2016,2016 Pan Jiu-Jitsu IBJJF Championship,Luiz Panza,Submission,Footlock,Super Heavyweight,Male,Final,Footlock
2016,2016 Pan Jiu-Jitsu IBJJF Championship,Edwin Najmi,Submission,Estima Lock,Lightweight,Male,Final,Footlock
2016,2016 Pan Jiu-Jitsu IBJJF Championship,Bernardo Faria,Submission,Choke From The Back,Absolute Division,Male,Semi-Finals,Choke (Kimono)
2016,2016 Pan Jiu-Jitsu IBJJF Championship,Leandro Lo,Submission,Toehold,Medium Heavyweight,Male,Semi-Finals,Footlock
2016,2016 Pan Jiu-Jitsu IBJJF Championship,Edwin Najmi,Submission,Choke From The Back,Lightweight,Male,Semi-Finals,Choke (Kimono)
2016,2016 Pan Jiu-Jitsu IBJJF Championship,Joao Miyao,Submission,Choke From The Back,Light Featherweight,Male,Semi-Finals,Choke (Kimono)
2016,2016 Pan Jiu-Jitsu IBJJF Championship,Mikey Musumeci,Submission,Choke From The Back,Rooster Weight,Male,Semi-Finals,Choke (Kimono)
2016,2016 Pan Jiu-Jitsu IBJJF Championship,Dany Gerard,Submission,Choke,Ultra Heavyweight,Male,Quarter-Finals,Choke
2016,2016 Pan Jiu-Jitsu IBJJF Championship,Andre Galvao,Submission,Baseball Bat Choke,Ultra Heavyweight,Male,Quarter-Finals,Choke (Kimono)
2016,2016 Pan Jiu-Jitsu IBJJF Championship,Yuri SimÃµes,Submission,Armlock,Super Heavyweight,Male,Quarter-Finals,Armlock
2016,2016 Pan Jiu-Jitsu IBJJF Championship,Romulo Barral,Submission,Choke,Medium Heavyweight,Male,Quarter-Finals,Choke
2016,2016 Pan Jiu-Jitsu IBJJF Championship,Murilo Santana,Submission,Armlock,Medium Heavyweight,Male,Quarter-Finals,Armlock
2016,2016 Brazilian National Jiu-Jitsu Championship,Renato Cardoso,Submission,Armlock,Medium Heavyweight,Male,Final,Armlock
2016,2016 Brazilian National Jiu-Jitsu Championship,Jhonny Loureiro,Submission,Loop Choke,Middleweight,Male,Final,Choke (Kimono)
2016,2016 Brazilian National Jiu-Jitsu Championship,Rodnei Barbosa,Submission,Choke From The Back,Rooster Weight,Male,Final,Choke (Kimono)
2016,2016 Brazilian National Jiu-Jitsu Championship,Alex Aparecido,Submission,Triangle Choke,Super Heavyweight,Male,Semi-Finals,Choke
2016,2016 Brazilian National Jiu-Jitsu Championship,Guilherme Augusto,Submission,Toehold,Heavyweight,Male,Semi-Finals,Footlock
2016,2016 Brazilian National Jiu-Jitsu Championship,Isaque Paiva,Submission,Choke,Featherweight,Male,Semi-Finals,Choke
2016,2016 Brazilian National Jiu-Jitsu Championship,Renato Cardoso,Submission,Wrist Lock,Absolute Division,Male,Quarter-Finals,Wrist Lock
2016,2016 Brazilian National Jiu-Jitsu Championship,Erberth Santos,Submission,Wrist Lock,Super Heavyweight,Male,Quarter-Finals,Wrist Lock
2016,2016 Brazilian National Jiu-Jitsu Championship,Miguel Angel,Submission,Wrist Lock,Heavyweight,Male,Quarter-Finals,Wrist Lock
2016,2016 Brazilian National Jiu-Jitsu Championship,Guilherme Augusto,Submission,Choke From The Back,Heavyweight,Male,Quarter-Finals,Choke (Kimono)
2016,2016 Brazilian National Jiu-Jitsu Championship,Patrick Gaudio,Submission,Triangle Choke,Medium Heavyweight,Male,Quarter-Finals,Choke
2016,2016 Brazilian National Jiu-Jitsu Championship,Renato Cardoso,Submission,Triangle Choke,Medium Heavyweight,Male,Quarter-Finals,Choke
2016,2016 Brazilian National Jiu-Jitsu Championship,Mackenzie Dern,Submission,Choke From The Back,Absolute Division,Female,Quarter-Finals,Choke (Kimono)
2016,2016 European Jiu-Jitsu IBJJF Championship,Romulo Barral,Submission,Choke From The Back,Absolute Division,Male,Semi-Finals,Choke (Kimono)
2016,2016 European Jiu-Jitsu IBJJF Championship,Felipe Pena,Submission,Choke From The Back,Absolute Division,Male,Semi-Finals,Choke (Kimono)
2016,2016 European Jiu-Jitsu IBJJF Championship,Romulo Barral,Submission,Cross Choke,Medium Heavyweight,Male,Semi-Finals,Choke (Kimono)
2016,2016 European Jiu-Jitsu IBJJF Championship,Michael Liera Jr.,Submission,Choke From The Back,Lightweight,Male,Semi-Finals,Choke (Kimono)
2016,2016 European Jiu-Jitsu IBJJF Championship,Paulo Miyao,Submission,Choke From The Back,Featherweight,Male,Semi-Finals,Choke (Kimono)
2016,2016 European Jiu-Jitsu IBJJF Championship,Joao Miyao,Submission,Choke From The Back,Light Featherweight,Male,Semi-Finals,Choke (Kimono)
2016,2016 European Jiu-Jitsu IBJJF Championship,Hiago George,Submission,Armlock,Light Featherweight,Male,Semi-Finals,Armlock
2016,2016 European Jiu-Jitsu IBJJF Championship,Romulo Barral,Submission,Cross Choke,Absolute Division,Male,Quarter-Finals,Choke (Kimono)
2016,2016 European Jiu-Jitsu IBJJF Championship,Felipe Pena,Submission,Choke From The Back,Absolute Division,Male,Quarter-Finals,Choke (Kimono)
2016,2016 European Jiu-Jitsu IBJJF Championship,Nelton Pontes,Submission,Choke From The Back,Heavyweight,Male,Quarter-Finals,Choke (Kimono)
2016,2016 European Jiu-Jitsu IBJJF Championship,Jackson Sousa,Submission,Armlock,Heavyweight,Male,Quarter-Finals,Armlock
2016,2016 European Jiu-Jitsu IBJJF Championship,Romulo Barral,Submission,Cross Choke,Medium Heavyweight,Male,Quarter-Finals,Choke (Kimono)
2016,2016 European Jiu-Jitsu IBJJF Championship,Diogo Moreno,Submission,Choke From The Back,Medium Heavyweight,Male,Quarter-Finals,Choke (Kimono)
2016,2016 European Jiu-Jitsu IBJJF Championship,Charles Negromonte,Submission,Triangle Choke,Middleweight,Male,Quarter-Finals,Choke
2016,2016 European Jiu-Jitsu IBJJF Championship,Alan Finfou Nascimento,Submission,Armlock,Middleweight,Male,Quarter-Finals,Armlock
2016,2016 European Jiu-Jitsu IBJJF Championship,Michael Liera Jr.,Submission,Triangle Choke,Lightweight,Male,Quarter-Finals,Choke
2016,2016 European Jiu-Jitsu IBJJF Championship,Edwin Najmi,Submission,Toehold,Lightweight,Male,Quarter-Finals,Footlock
2016,2016 European Jiu-Jitsu IBJJF Championship,Brian Mahecha,Submission,Armlock,Featherweight,Male,Quarter-Finals,Armlock
2016,2016 European Jiu-Jitsu IBJJF Championship,Joao Miyao,Submission,Choke From The Back,Light Featherweight,Male,Quarter-Finals,Choke (Kimono)
2016,2016 European Jiu-Jitsu IBJJF Championship,Mackenzie Dern,Submission,Toehold,Featherweight,Female,Final,Footlock
2016,2016 European Jiu-Jitsu IBJJF Championship,Mackenzie Dern,Submission,Toehold,Absolute Division,Female,Semi-Finals,Footlock
2016,2016 European Jiu-Jitsu IBJJF Championship,Mackenzie Dern,Submission,Omoplata,Absolute Division,Female,Quarter-Finals,Shoulder Lock
2017,2017 World Jiu-Jitsu IBJJF Championship,Marcus Almeida âBuchechaâ,Submission,Brabo Choke,Ultra Heavyweight,Male,Final,Choke (Kimono)
2017,2017 World Jiu-Jitsu IBJJF Championship,Gabriel Arges,Submission,Choke From The Back,Middleweight,Male,Final,Choke (Kimono)
2017,2017 World Jiu-Jitsu IBJJF Championship,Marcus Almeida âBuchechaâ,Submission,Ezekiel Choke,Ultra Heavyweight,Male,Semi-Finals,Choke (Kimono)
2017,2017 World Jiu-Jitsu IBJJF Championship,Nicholas Meregali,Submission,Triangle Choke,Heavyweight,Male,Semi-Finals,Choke
2017,2017 World Jiu-Jitsu IBJJF Championship,Bruno Malfacine,Submission,Armlock,Rooster Weight,Male,Semi-Finals,Armlock
2017,2017 World Jiu-Jitsu IBJJF Championship,Caio Terra,Submission,Toehold,Rooster Weight,Male,Semi-Finals,Footlock
2017,2017 World Jiu-Jitsu IBJJF Championship,Marcus Almeida âBuchechaâ,Submission,Choke,Absolute Division,Male,Quarter-Finals,Choke
2017,2017 World Jiu-Jitsu IBJJF Championship,Tayane Porfirio,Submission,Americana,Absolute Division,Female,Final,Shoulder Lock
2017,2017 World Jiu-Jitsu IBJJF Championship,Nathiely De Jesus,Submission,Choke,Medium Heavyweight,Female,Final,Choke
2017,2017 World Jiu-Jitsu IBJJF Championship,Rikako Yuasa,Submission,Choke From The Back,Rooster Weight,Female,Final,Choke (Kimono)
2017,2017 Pan Jiu-Jitsu IBJJF Championship,Leandro Lo,Submission,Toehold,Absolute Division,Male,Final,Footlock
2017,2017 Pan Jiu-Jitsu IBJJF Championship,Joao Gabriel Rocha,Submission,Choke From The Back,Ultra Heavyweight,Male,Final,Choke (Kimono)
2017,2017 Pan Jiu-Jitsu IBJJF Championship,Otavio Sousa,Submission,Flying Triangle,Middleweight,Male,Final,Choke
2017,2017 Pan Jiu-Jitsu IBJJF Championship,Joao Gabriel Rocha,Submission,Choke From Mount,Absolute Division,Male,Semi-Finals,Choke (Kimono)
2017,2017 Pan Jiu-Jitsu IBJJF Championship,Nicholas Meregali,Submission,Choke From The Back,Absolute Division,Male,Quarter-Finals,Choke (Kimono)
2017,2017 Pan Jiu-Jitsu IBJJF Championship,Admilson Gobi,Submission,Triangle Choke,Ultra Heavyweight,Male,Quarter-Finals,Choke
2017,2017 Pan Jiu-Jitsu IBJJF Championship,Dimitrius Souza,Submission,Armlock,Heavyweight,Male,Quarter-Finals,Armlock
2017,2017 Pan Jiu-Jitsu IBJJF Championship,Tanner Rice,Submission,Armlock,Heavyweight,Male,Quarter-Finals,Armlock
2017,2017 Pan Jiu-Jitsu IBJJF Championship,Jessica Flowers,Submission,Triangle Arm Bar,Medium Heavyweight,Female,Final,Choke
2017,2017 Pan Jiu-Jitsu IBJJF Championship,Jessica Flowers,Submission,Armlock,Absolute Division,Female,Semi-Finals,Armlock
2017,2017 Pan Jiu-Jitsu IBJJF Championship,Jessica Flowers,Submission,Armlock,Absolute Division,Female,Quarter-Finals,Armlock
2017,2017 Brazilian National Jiu-Jitsu Championship,Victor Honorio,Submission,Choke,Super Heavyweight,Male,Semi-Finals,Choke
2017,2017 Brazilian National Jiu-Jitsu Championship,Guilherme Augusto,Submission,Kimura,Heavyweight,Male,Semi-Finals,Shoulder Lock
2017,2017 Brazilian National Jiu-Jitsu Championship,Gabriel Rollo,Submission,Ezekiel Choke,Lightweight,Male,Semi-Finals,Choke (Kimono)
2017,2017 Brazilian National Jiu-Jitsu Championship,Erberth Santos,Submission,Rear Naked Choke,Absolute Division,Male,Quarter-Finals,Choke
2017,2017 Brazilian National Jiu-Jitsu Championship,Renato Cardoso,Submission,Choke,Absolute Division,Male,Quarter-Finals,Choke
2017,2017 Brazilian National Jiu-Jitsu Championship,Fernando Reis,Submission,Choke From The Back,Super Heavyweight,Male,Quarter-Finals,Choke (Kimono)
2017,2017 Brazilian National Jiu-Jitsu Championship,Victor Honorio,Submission,Lapel Choke,Super Heavyweight,Male,Quarter-Finals,Choke (Kimono)
2017,2017 Brazilian National Jiu-Jitsu Championship,Bianca Basilio,Submission,Choke From The Back,Lightweight,Female,Quarter-Finals,Choke (Kimono)
2017,2017 European Jiu-Jitsu IBJJF Championship,Leandro Lo,Submission,Armlock,Heavyweight,Male,Final,Armlock
2017,2017 European Jiu-Jitsu IBJJF Championship,Claudio Calasans,Submission,Wrist Lock,Absolute Division,Male,Semi-Finals,Wrist Lock
2017,2017 European Jiu-Jitsu IBJJF Championship,Alec Baulding,Submission,Choke From The Back,Middleweight,Male,Semi-Finals,Choke (Kimono)
2017,2017 European Jiu-Jitsu IBJJF Championship,Luan Carvalho,Submission,Triangle Choke,Lightweight,Male,Semi-Finals,Choke
2017,2017 European Jiu-Jitsu IBJJF Championship,Marcio Andre,Submission,Triangle Choke,Lightweight,Male,Semi-Finals,Choke
2017,2017 European Jiu-Jitsu IBJJF Championship,Rodnei Barbosa,Submission,Toehold,Rooster Weight,Male,Semi-Finals,Footlock
2017,2017 European Jiu-Jitsu IBJJF Championship,Ricardo Evangelista,Submission,Choke From The Back,Ultra Heavyweight,Male,Quarter-Finals,Choke (Kimono)
2017,2017 European Jiu-Jitsu IBJJF Championship,Igor Silva,Submission,Armlock,Ultra Heavyweight,Male,Quarter-Finals,Armlock
2017,2017 European Jiu-Jitsu IBJJF Championship,Tayane Porfirio,Submission,Choke From Mount,Super Heavyweight,Female,Final,Choke (Kimono)
2017,2017 European Jiu-Jitsu IBJJF Championship,Nathiely De Jesus,Submission,Choke,Medium Heavyweight,Female,Final,Choke
2017,2017 European Jiu-Jitsu IBJJF Championship,Ana Carolina Vieira,Submission,Choke From The Back,Middleweight,Female,Final,Choke (Kimono)
2018,2018 World Jiu-Jitsu IBJJF Championship,Bruno Malfacine,Submission,Armlock,Rooster Weight,Male,Final,Armlock
2018,2018 World Jiu-Jitsu IBJJF Championship,Marcus Almeida âBuchechaâ,Submission,Kimura,Ultra Heavyweight,Male,Semi-Finals,Shoulder Lock
2018,2018 World Jiu-Jitsu IBJJF Championship,Tommy Langaker,Submission,Choke From The Back,Middleweight,Male,Semi-Finals,Choke (Kimono)
2018,2018 World Jiu-Jitsu IBJJF Championship,Bruno Malfacine,Submission,Ezekiel Choke,Rooster Weight,Male,Semi-Finals,Choke (Kimono)
2018,2018 World Jiu-Jitsu IBJJF Championship,Rodnei Barbosa,Submission,Choke From The Back,Rooster Weight,Male,Semi-Finals,Choke (Kimono)
2018,2018 World Jiu-Jitsu IBJJF Championship,Marcus Almeida âBuchechaâ,Submission,Armlock,Absolute Division,Male,Quarter-Finals,Armlock
2018,2018 World Jiu-Jitsu IBJJF Championship,Nicholas Meregali,Submission,Ezekiel Choke,Absolute Division,Male,Quarter-Finals,Choke (Kimono)
2018,2018 World Jiu-Jitsu IBJJF Championship,Marcus Almeida âBuchechaâ,Submission,Choke,Ultra Heavyweight,Male,Quarter-Finals,Choke
2018,2018 World Jiu-Jitsu IBJJF Championship,Leandro Lo,Submission,Triangle Choke,Super Heavyweight,Male,Quarter-Finals,Choke
2018,2018 World Jiu-Jitsu IBJJF Championship,Tayane Porfirio,Submission,Americana,Super Heavyweight,Female,Final,Shoulder Lock
2018,2018 World Jiu-Jitsu IBJJF Championship,Claudia Do Val,Submission,Triangle Choke,Medium Heavyweight,Female,Final,Choke
2018,2018 World Jiu-Jitsu IBJJF Championship,Ana Carolina Vieira,Submission,Ezekiel Choke,Middleweight,Female,Final,Choke (Kimono)
2018,2018 Pan Jiu-Jitsu IBJJF Championship,Gutemberg Pereira,Submission,Choke From The Back,Absolute Division,Male,Semi-Finals,Choke (Kimono)
2018,2018 Pan Jiu-Jitsu IBJJF Championship,Jonathan âJTâ Torres,Submission,Triangle Choke,Lightweight,Male,Semi-Finals,Choke
2018,2018 Pan Jiu-Jitsu IBJJF Championship,Gutemberg Pereira,Submission,Toehold,Absolute Division,Male,Quarter-Finals,Footlock
2018,2018 Pan Jiu-Jitsu IBJJF Championship,Keenan Cornelius,Submission,Ezekiel Choke,Absolute Division,Male,Quarter-Finals,Choke (Kimono)
2018,2018 Pan Jiu-Jitsu IBJJF Championship,Leandro Lo,Submission,Cross Choke,Heavyweight,Male,Quarter-Finals,Choke (Kimono)
2018,2018 Pan Jiu-Jitsu IBJJF Championship,Lucas Barbosa,Submission,Armlock,Medium Heavyweight,Male,Quarter-Finals,Armlock
2018,2018 Pan Jiu-Jitsu IBJJF Championship,Shane Jamil Hill-Taylor,Submission,Rear Naked Choke,Featherweight,Male,Quarter-Finals,Choke
2018,2018 Pan Jiu-Jitsu IBJJF Championship,Gilson Nunes,Submission,Triangle Choke,Featherweight,Male,Quarter-Finals,Choke
2018,2018 Pan Jiu-Jitsu IBJJF Championship,Osvaldo Queixinho Moizinho,Submission,Armlock,Featherweight,Male,Quarter-Finals,Armlock
2018,2018 Pan Jiu-Jitsu IBJJF Championship,Karen Antunes,Submission,Armlock,Featherweight,Female,Semi-Finals,Armlock
2018,2018 Brazilian National Jiu-Jitsu Championship,Rudson Mateus,Submission,Rear Naked Choke,Medium Heavyweight,Male,Final,Choke
2018,2018 Brazilian National Jiu-Jitsu Championship,Victor Honorio,Submission,Choke,Ultra Heavyweight,Male,Semi-Finals,Choke
2018,2018 Brazilian National Jiu-Jitsu Championship,Gabriel Rollo,Submission,Ezekiel Choke,Lightweight,Male,Semi-Finals,Choke (Kimono)
2018,2018 Brazilian National Jiu-Jitsu Championship,Renato Cardoso,Submission,Choke,Absolute Division,Male,Quarter-Finals,Choke
2018,2018 Brazilian National Jiu-Jitsu Championship,Erberth Santos,Submission,Rear Naked Choke,Absolute Division,Male,Quarter-Finals,Choke
2018,2018 Brazilian National Jiu-Jitsu Championship,Victor Honorio,Submission,Lapel Choke,Ultra Heavyweight,Male,Quarter-Finals,Choke (Kimono)
2018,2018 Brazilian National Jiu-Jitsu Championship,Fernando Reis,Submission,Choke From The Back,Super Heavyweight,Male,Quarter-Finals,Choke (Kimono)
2018,2018 Brazilian National Jiu-Jitsu Championship,Guilherme Augusto,Submission,Kimura,Heavyweight,Male,Quarter-Finals,Shoulder Lock
2018,2018 Brazilian National Jiu-Jitsu Championship,Mayssa Bastos,Submission,Armlock,Rooster Weight,Female,Final,Armlock
2018,2018 European Jiu-Jitsu IBJJF Championship,Joao Gabriel Rocha,Submission,Armlock,Ultra Heavyweight,Male,Final,Armlock
2018,2018 European Jiu-Jitsu IBJJF Championship,Keenan Cornelius,Submission,Choke From The Back,Super Heavyweight,Male,Final,Choke (Kimono)
2018,2018 European Jiu-Jitsu IBJJF Championship,Keenan Cornelius,Submission,Omoplata,Absolute Division,Male,Semi-Finals,Shoulder Lock
2018,2018 European Jiu-Jitsu IBJJF Championship,Tanner Rice,Submission,Armlock,Heavyweight,Male,Semi-Finals,Armlock
2018,2018 European Jiu-Jitsu IBJJF Championship,Keenan Cornelius,Submission,Armlock,Super Heavyweight,Male,Semi-Finals,Armlock
2018,2018 European Jiu-Jitsu IBJJF Championship,Gabriel Arges,Submission,Triangle Choke,Middleweight,Male,Semi-Finals,Choke
2018,2018 European Jiu-Jitsu IBJJF Championship,Koji Shibamoto,Submission,Choke From The Back,Rooster Weight,Male,Semi-Finals,Choke (Kimono)
2018,2018 European Jiu-Jitsu IBJJF Championship,Tommy Langaker,Submission,Triangle Arm Bar,Absolute Division,Male,Quarter-Finals,Choke
2018,2018 European Jiu-Jitsu IBJJF Championship,Keenan Cornelius,Submission,Toehold,Absolute Division,Male,Quarter-Finals,Footlock
2018,2018 European Jiu-Jitsu IBJJF Championship,Gianni Grippo,Submission,Choke From The Back,Featherweight,Male,Quarter-Finals,Choke (Kimono)
2018,2018 European Jiu-Jitsu IBJJF Championship,Tayane Porfirio,Submission,Choke,Absolute Division,Female,Semi-Finals,Choke
2018,2018 European Jiu-Jitsu IBJJF Championship,Tayane Porfirio,Submission,Choke From The Back,Absolute Division,Female,Quarter-Finals,Choke (Kimono)
2018,2018 European Jiu-Jitsu IBJJF Championship,Beatriz Mesquita,Submission,Choke From The Back,Absolute Division,Female,Quarter-Finals,Choke (Kimono)
2018,2018 European Jiu-Jitsu IBJJF Championship,Jessica Flowers,Submission,Choke From The Back,Absolute Division,Female,Quarter-Finals,Choke (Kimono)
2019,2019 World Jiu-Jitsu IBJJF Championship,Marcus Almeida âBuchechaâ,Submission,Double Collar Choke,Ultra Heavyweight,Male,Final,Choke (Kimono)
2019,2019 World Jiu-Jitsu IBJJF Championship,Nicholas Meregali,Submission,Double Collar Choke,Super Heavyweight,Male,Final,Choke (Kimono)
2019,2019 World Jiu-Jitsu IBJJF Championship,Matheus Gabriel,Submission,Armlock,Featherweight,Male,Final,Armlock
2019,2019 World Jiu-Jitsu IBJJF Championship,Mikey Musumeci,Submission,Footlock,Rooster Weight,Male,Final,Footlock
2019,2019 World Jiu-Jitsu IBJJF Championship,Marcus Almeida âBuchechaâ,Submission,Brabo Choke,Ultra Heavyweight,Male,Semi-Finals,Choke (Kimono)
2019,2019 World Jiu-Jitsu IBJJF Championship,Ricardo Evangelista,Submission,Ezekiel Choke,Ultra Heavyweight,Male,Semi-Finals,Choke (Kimono)
2019,2019 World Jiu-Jitsu IBJJF Championship,Nicholas Meregali,Submission,Triangle Arm Bar,Super Heavyweight,Male,Semi-Finals,Choke
2019,2019 World Jiu-Jitsu IBJJF Championship,Gustavo Batista,Submission,Double Collar Choke,Medium Heavyweight,Male,Semi-Finals,Choke (Kimono)
2019,2019 World Jiu-Jitsu IBJJF Championship,Isaque Bahiense,Submission,Toehold,Middleweight,Male,Semi-Finals,Footlock
2019,2019 World Jiu-Jitsu IBJJF Championship,Leandro Lo,Submission,Triangle Arm Bar,Absolute Division,Male,Quarter-Finals,Choke
2019,2019 World Jiu-Jitsu IBJJF Championship,Ricardo Evangelista,Submission,Toehold,Ultra Heavyweight,Male,Quarter-Finals,Footlock
2019,2019 World Jiu-Jitsu IBJJF Championship,Max Gimenis,Submission,Wrist Lock,Ultra Heavyweight,Male,Quarter-Finals,Wrist Lock
2019,2019 World Jiu-Jitsu IBJJF Championship,Luiz Panza,Submission,Triangle Choke,Super Heavyweight,Male,Quarter-Finals,Choke
2019,2019 World Jiu-Jitsu IBJJF Championship,Mahamed Aly,Submission,Kimura,Super Heavyweight,Male,Quarter-Finals,Shoulder Lock
2019,2019 World Jiu-Jitsu IBJJF Championship,Kaynan Duarte,Submission,Armlock,Heavyweight,Male,Quarter-Finals,Armlock
2019,2019 Pan Jiu-Jitsu IBJJF Championship,Adam Wardzinski,Submission,Choke,Heavyweight,Male,Semi-Finals,Choke
2019,2019 Pan Jiu-Jitsu IBJJF Championship,Kaynan Duarte,Submission,Toehold,Heavyweight,Male,Semi-Finals,Footlock
2019,2019 Pan Jiu-Jitsu IBJJF Championship,Gustavo Batista,Submission,Rear Naked Choke,Absolute Division,Male,Quarter-Finals,Choke
2019,2019 Pan Jiu-Jitsu IBJJF Championship,Lucas Barbosa,Submission,Ezekiel Choke,Absolute Division,Male,Quarter-Finals,Choke (Kimono)
2019,2019 Pan Jiu-Jitsu IBJJF Championship,Fellipe Andrew,Submission,Footlock,Super Heavyweight,Male,Quarter-Finals,Footlock
2019,2019 European Jiu-Jitsu IBJJF Championship,Kaynan Duarte,Submission,Choke From The Back,Heavyweight,Male,Semi-Finals,Choke (Kimono)
2020,2020 Pan Jiu-Jitsu IBJJF Championship,Gustavo Batista,Submission,Choke From The Back,Absolute Division,Male,Semi-Finals,Choke (Kimono)
2020,2020 Pan Jiu-Jitsu IBJJF Championship,Luiz Panza,Submission,Footlock,Ultra Heavyweight,Male,Semi-Finals,Footlock
2020,2020 Pan Jiu-Jitsu IBJJF Championship,Max Gimenis,Submission,Katagatame,Ultra Heavyweight,Male,Semi-Finals,Choke
2020,2020 Pan Jiu-Jitsu IBJJF Championship,Dominique Bell,Submission,Armlock,Heavyweight,Male,Semi-Finals,Armlock
2020,2020 Pan Jiu-Jitsu IBJJF Championship,Gustavo Batista,Submission,Armlock,Heavyweight,Male,Semi-Finals,Armlock
2020,2020 Pan Jiu-Jitsu IBJJF Championship,Jackson Nagai,Submission,Choke From The Back,Middleweight,Male,Semi-Finals,Choke (Kimono)
2020,2020 Pan Jiu-Jitsu IBJJF Championship,Joshua Cisneros,Submission,Choke From The Back,Light Featherweight,Male,Semi-Finals,Choke (Kimono)
2020,2020 Pan Jiu-Jitsu IBJJF Championship,Fellipe Andrew,Submission,Footlock,Absolute Division,Male,Quarter-Finals,Footlock
2020,2020 Pan Jiu-Jitsu IBJJF Championship,Max Gimenis,Submission,Choke From The Back,Absolute Division,Male,Quarter-Finals,Choke (Kimono)
2020,2020 Pan Jiu-Jitsu IBJJF Championship,Gustavo Batista,Submission,Choke From The Back,Absolute Division,Male,Quarter-Finals,Choke (Kimono)
2020,2020 Pan Jiu-Jitsu IBJJF Championship,Stuart Maddox,Submission,Wrist Lock,Ultra Heavyweight,Male,Quarter-Finals,Wrist Lock
2020,2020 Pan Jiu-Jitsu IBJJF Championship,Luiz Panza,Submission,Armlock,Ultra Heavyweight,Male,Quarter-Finals,Armlock
2020,2020 Pan Jiu-Jitsu IBJJF Championship,Arnaldo Maidana,Submission,Cross Choke,Super Heavyweight,Male,Quarter-Finals,Choke (Kimono)
2020,2020 Pan Jiu-Jitsu IBJJF Championship,Guilherme Augusto,Submission,Ezekiel Choke,Super Heavyweight,Male,Quarter-Finals,Choke (Kimono)
2020,2020 Pan Jiu-Jitsu IBJJF Championship,Mayssa Bastos,Submission,Katagatame,Light Featherweight,Female,Final,Choke
2020,2020 Pan Jiu-Jitsu IBJJF Championship,Maria Malyjasiak,Submission,Armlock,Medium Heavyweight,Female,Semi-Finals,Armlock
2020,2020 Pan Jiu-Jitsu IBJJF Championship,Luiza Montiero,Submission,Choke From The Back,Lightweight,Female,Semi-Finals,Choke (Kimono)
2020,2020 Pan Jiu-Jitsu IBJJF Championship,Gabrielle McComb Lima,Submission,Armlock,Featherweight,Female,Semi-Finals,Armlock
2020,2020 Pan Jiu-Jitsu IBJJF Championship,Luiza Montiero,Submission,Toehold,Absolute Division,Female,Quarter-Finals,Footlock
2020,2020 Pan Jiu-Jitsu IBJJF Championship,Maria Malyjasiak,Submission,Armlock,Absolute Division,Female,Quarter-Finals,Armlock
2020,2020 Pan Jiu-Jitsu IBJJF Championship,Emilly Vasconcelos,Submission,Choke From The Back,Medium Heavyweight,Female,Quarter-Finals,Choke (Kimono)
2020,2020 Pan Jiu-Jitsu IBJJF Championship,Claire North,Submission,Americana,Middleweight,Female,Quarter-Finals,Shoulder Lock
2020,2020 European Jiu-Jitsu IBJJF Championship,Fellipe Andrew,Submission,Triangle Arm Bar,Absolute Division,Male,Final,Choke
2020,2020 European Jiu-Jitsu IBJJF Championship,Tommy Langaker,Submission,Choke From The Back,Middleweight,Male,Final,Choke (Kimono)
2020,2020 European Jiu-Jitsu IBJJF Championship,Fellipe Andrew,Submission,Footlock,Absolute Division,Male,Semi-Finals,Footlock
2020,2020 European Jiu-Jitsu IBJJF Championship,Adam Wardzinski,Submission,Choke From The Back,Heavyweight,Male,Semi-Finals,Choke (Kimono)
2020,2020 European Jiu-Jitsu IBJJF Championship,Tommy Langaker,Submission,Triangle Choke,Middleweight,Male,Semi-Finals,Choke
2020,2020 European Jiu-Jitsu IBJJF Championship,Jonnatas Gracie,Submission,Rear Naked Choke,Lightweight,Male,Semi-Finals,Choke
2020,2020 European Jiu-Jitsu IBJJF Championship,Mikey Musumeci,Submission,Footlock,Light Featherweight,Male,Semi-Finals,Footlock
2020,2020 European Jiu-Jitsu IBJJF Championship,Keenan Cornelius,Submission,Rear Naked Choke,Absolute Division,Male,Quarter-Finals,Choke
2020,2020 European Jiu-Jitsu IBJJF Championship,Fellipe Trovo,Submission,Choke From Crucifix,Absolute Division,Male,Quarter-Finals,Choke (Kimono)
2020,2020 European Jiu-Jitsu IBJJF Championship,Seif Houmine,Submission,Cachecol Choke,Ultra Heavyweight,Male,Quarter-Finals,Choke (Kimono)
2020,2020 European Jiu-Jitsu IBJJF Championship,Adam Wardzinski,Submission,Choke From The Back,Heavyweight,Male,Quarter-Finals,Choke (Kimono)
2020,2020 European Jiu-Jitsu IBJJF Championship,Sabatha Lais,Submission,Triangle Arm Bar,Medium Heavyweight,Female,Final,Choke
2020,2020 European Jiu-Jitsu IBJJF Championship,Ffion Davies,Submission,Rear Naked Choke,Lightweight,Female,Final,Choke
2020,2020 European Jiu-Jitsu IBJJF Championship,Sabatha Lais,Submission,Rear Naked Choke,Medium Heavyweight,Female,Semi-Finals,Choke
2020,2020 European Jiu-Jitsu IBJJF Championship,Thamara Ferreira,Submission,Toehold,Middleweight,Female,Semi-Finals,Footlock
2020,2020 European Jiu-Jitsu IBJJF Championship,Larissa Campos,Submission,Armlock,Featherweight,Female,Semi-Finals,Armlock
2020,2020 European Jiu-Jitsu IBJJF Championship,Ana Rodrigues,Submission,Lapel Choke,Light Featherweight,Female,Semi-Finals,Choke (Kimono)
2020,2020 European Jiu-Jitsu IBJJF Championship,Talita Alencar,Submission,Armlock,Light Featherweight,Female,Semi-Finals,Armlock
2020,2020 European Jiu-Jitsu IBJJF Championship,Ffion Davies,Submission,Choke From The Back,Absolute Division,Female,Quarter-Finals,Choke (Kimono)
2020,2020 European Jiu-Jitsu IBJJF Championship,Ffion Davies,Submission,Armlock,Lightweight,Female,Quarter-Finals,Armlock
2021,2021 World Jiu-Jitsu IBJJF Championship,Victor Hugo,Submission,Toehold,Ultra Heavyweight,Male,Final,Footlock
2021,2021 World Jiu-Jitsu IBJJF Championship,Kaynan Duarte,Submission,Rear Naked Choke,Heavyweight,Male,Final,Choke
2021,2021 World Jiu-Jitsu IBJJF Championship,Fabricio Andrey,Submission,Triangle Choke,Featherweight,Male,Final,Choke
2021,2021 World Jiu-Jitsu IBJJF Championship,Diego âPatoâ Oliveira Batista,Submission,Katagatame,Light Featherweight,Male,Final,Choke
2021,2021 World Jiu-Jitsu IBJJF Championship,Lucas Barbosa,Submission,Rear Naked Choke,Medium Heavyweight,Male,Semi-Finals,Choke
2021,2021 World Jiu-Jitsu IBJJF Championship,Tainan Dalpra,Submission,Choke From The Back,Middleweight,Male,Semi-Finals,Choke (Kimono)
2021,2021 World Jiu-Jitsu IBJJF Championship,Mikey Musumeci,Submission,Footlock,Rooster Weight,Male,Semi-Finals,Footlock
2021,2021 World Jiu-Jitsu IBJJF Championship,Nicholas Meregali,Submission,Choke From The Back,Absolute Division,Male,Quarter-Finals,Choke (Kimono)
2021,2021 World Jiu-Jitsu IBJJF Championship,Fellipe Andrew,Submission,Toehold,Absolute Division,Male,Quarter-Finals,Footlock
2021,2021 World Jiu-Jitsu IBJJF Championship,Felipe Pena,Submission,Choke From The Back,Absolute Division,Male,Quarter-Finals,Choke (Kimono)
2021,2021 World Jiu-Jitsu IBJJF Championship,Kaynan Duarte,Submission,Guillotine,Absolute Division,Male,Quarter-Finals,Choke
2021,2021 World Jiu-Jitsu IBJJF Championship,Victor Hugo,Submission,Triangle Choke,Ultra Heavyweight,Male,Quarter-Finals,Choke
2021,2021 World Jiu-Jitsu IBJJF Championship,Nicholas Meregali,Submission,Loop Choke,Ultra Heavyweight,Male,Quarter-Finals,Choke (Kimono)
2021,2021 World Jiu-Jitsu IBJJF Championship,Felipe Pena,Submission,Cross Choke,Super Heavyweight,Male,Quarter-Finals,Choke (Kimono)
2021,2021 World Jiu-Jitsu IBJJF Championship,Fellipe Andrew,Submission,Choke From Mount,Super Heavyweight,Male,Quarter-Finals,Choke (Kimono)
2021,2021 World Jiu-Jitsu IBJJF Championship,Erich Munis,Submission,Triangle Choke,Super Heavyweight,Male,Quarter-Finals,Choke
2021,2021 World Jiu-Jitsu IBJJF Championship,Mayssa Bastos,Submission,Choke From The Back,Rooster Weight,Female,Final,Choke (Kimono)
2021,2021 World Jiu-Jitsu IBJJF Championship,Yara Soares,Submission,Choke,Absolute Division,Female,Semi-Finals,Choke
2021,2021 World Jiu-Jitsu IBJJF Championship,Gabrieli Pessanha,Submission,Choke From The Back,Super Heavyweight,Female,Semi-Finals,Choke (Kimono)
2021,2021 World Jiu-Jitsu IBJJF Championship,Elisabeth Clay,Submission,Toehold,Medium Heavyweight,Female,Semi-Finals,Footlock
2021,2021 World Jiu-Jitsu IBJJF Championship,Bianca Basilio,Submission,Toehold,Featherweight,Female,Semi-Finals,Footlock
2021,2021 World Jiu-Jitsu IBJJF Championship,Ana Rodrigues,Submission,Choke From Mount,Light Featherweight,Female,Semi-Finals,Choke (Kimono)
2021,2021 World Jiu-Jitsu IBJJF Championship,Mayssa Bastos,Submission,Choke From The Back,Rooster Weight,Female,Semi-Finals,Choke (Kimono)
2021,2021 World Jiu-Jitsu IBJJF Championship,Thamara Ferreira,Submission,Armlock,Middleweight,Female,Quarter-Finals,Armlock
2021,2021 Pan Jiu-Jitsu IBJJF Championship,Victor Hugo,Submission,Choke From The Back,Ultra Heavyweight,Male,Final,Choke (Kimono)
2021,2021 Pan Jiu-Jitsu IBJJF Championship,Andre Porfirio,Submission,Footlock,Medium Heavyweight,Male,Final,Footlock
2021,2021 Pan Jiu-Jitsu IBJJF Championship,Gustavo Batista,Submission,Katagatame,Absolute Division,Male,Semi-Finals,Choke
2021,2021 Pan Jiu-Jitsu IBJJF Championship,Adam Wardzinski,Submission,Ezekiel Choke,Heavyweight,Male,Semi-Finals,Choke (Kimono)
2021,2021 Pan Jiu-Jitsu IBJJF Championship,Gustavo Batista,Submission,Choke From Mount,Heavyweight,Male,Semi-Finals,Choke (Kimono)
2021,2021 Pan Jiu-Jitsu IBJJF Championship,Pedro Marinho,Submission,Guillotine,Medium Heavyweight,Male,Semi-Finals,Choke
2021,2021 Pan Jiu-Jitsu IBJJF Championship,Johnatha Alves,Submission,Armlock,Lightweight,Male,Semi-Finals,Armlock
2021,2021 Pan Jiu-Jitsu IBJJF Championship,Livio Ribeiro,Submission,Toehold,Rooster Weight,Male,Semi-Finals,Footlock
2021,2021 Pan Jiu-Jitsu IBJJF Championship,Gustavo Batista,Submission,Choke,Absolute Division,Male,Quarter-Finals,Choke
2021,2021 Pan Jiu-Jitsu IBJJF Championship,Guilherme Augusto,Submission,Choke,Absolute Division,Male,Quarter-Finals,Choke
2021,2021 Pan Jiu-Jitsu IBJJF Championship,Victor Hugo,Submission,Cross Choke,Ultra Heavyweight,Male,Quarter-Finals,Choke (Kimono)
2021,2021 Pan Jiu-Jitsu IBJJF Championship,Guilherme Augusto,Submission,Bread Cutter Choke,Super Heavyweight,Male,Quarter-Finals,Choke (Kimono)
2021,2021 Pan Jiu-Jitsu IBJJF Championship,Fellipe Andrew,Submission,Armlock,Super Heavyweight,Male,Quarter-Finals,Armlock
2021,2021 Pan Jiu-Jitsu IBJJF Championship,Maria Malyjasiak,Submission,Choke,Heavyweight,Female,Final,Choke
2021,2021 Pan Jiu-Jitsu IBJJF Championship,Bianca Basilio,Submission,Footlock,Featherweight,Female,Final,Footlock
2021,2021 Pan Jiu-Jitsu IBJJF Championship,Gabrieli Pessanha,Submission,Footlock,Super Heavyweight,Female,Semi-Finals,Footlock
2021,2021 Pan Jiu-Jitsu IBJJF Championship,Maria Malyjasiak,Submission,Armlock,Heavyweight,Female,Semi-Finals,Armlock
2021,2021 Pan Jiu-Jitsu IBJJF Championship,Nathalie Ribeiro,Submission,Choke From The Back,Lightweight,Female,Semi-Finals,Choke (Kimono)
2021,2021 Pan Jiu-Jitsu IBJJF Championship,Bianca Basilio,Submission,Kimura,Featherweight,Female,Semi-Finals,Shoulder Lock
2021,2021 Pan Jiu-Jitsu IBJJF Championship,Ana Rodrigues,Submission,Cross Choke,Light Featherweight,Female,Semi-Finals,Choke (Kimono)
2021,2021 Pan Jiu-Jitsu IBJJF Championship,Yara Soares,Submission,Choke From The Back,Absolute Division,Female,Quarter-Finals,Choke (Kimono)
2021,2021 Pan Jiu-Jitsu IBJJF Championship,Melissa Stricker Cueto,Submission,Choke From The Back,Heavyweight,Female,Quarter-Finals,Choke (Kimono)
2021,2021 Pan Jiu-Jitsu IBJJF Championship,Elizabeth Katherine MitroviÄ,Submission,Cross Choke,Heavyweight,Female,Quarter-Finals,Choke (Kimono)
2021,2021 Pan Jiu-Jitsu IBJJF Championship,Claire North,Submission,Americana,Middleweight,Female,Quarter-Finals,Shoulder Lock
2021,2021 Pan Jiu-Jitsu IBJJF Championship,Vannessa Griffin,Submission,Choke,Middleweight,Female,Quarter-Finals,Choke
2021,2021 Pan Jiu-Jitsu IBJJF Championship,Gabi McComb,Submission,Choke From The Back,Featherweight,Female,Quarter-Finals,Choke (Kimono)
2021,2021 Brazilian National Jiu-Jitsu Championship,Leonardo Lara,Submission,Choke From The Back,Middleweight,Male,Final,Choke (Kimono)
2021,2021 Brazilian National Jiu-Jitsu Championship,Matheus Gabriel,Submission,Triangle Choke,Lightweight,Male,Final,Choke
2021,2021 Brazilian National Jiu-Jitsu Championship,Fabricio Andrey,Submission,Rear Naked Choke,Featherweight,Male,Final,Choke
2021,2021 Brazilian National Jiu-Jitsu Championship,Meyram Maquine,Submission,Rear Naked Choke,Light Featherweight,Male,Final,Choke
2021,2021 Brazilian National Jiu-Jitsu Championship,Matheus Gabriel,Submission,Armlock,Lightweight,Male,Semi-Finals,Armlock
2021,2021 Brazilian National Jiu-Jitsu Championship,Meyram Maquine,Submission,Rear Naked Choke,Light Featherweight,Male,Semi-Finals,Choke
2021,2021 Brazilian National Jiu-Jitsu Championship,Hiago George,Submission,Katagatame,Light Featherweight,Male,Semi-Finals,Choke
2021,2021 Brazilian National Jiu-Jitsu Championship,Matheus Gabriel,Submission,Armlock,Lightweight,Male,Quarter-Finals,Armlock
2021,2021 Brazilian National Jiu-Jitsu Championship,Samuel Nagai,Submission,Choke From The Back,Featherweight,Male,Quarter-Finals,Choke (Kimono)
2021,2021 Brazilian National Jiu-Jitsu Championship,Fabricio Andrey,Submission,Triangle Choke,Featherweight,Male,Quarter-Finals,Choke
2021,2021 Brazilian National Jiu-Jitsu Championship,Ana Rodrigues,Submission,Choke,Light Featherweight,Female,Final,Choke
2022,2022 World Jiu-Jitsu IBJJF Championship,Tainan Dalpra,Submission,Cachecol Choke,Middleweight,Male,Final,Choke (Kimono)
2022,2022 World Jiu-Jitsu IBJJF Championship,Nicholas Meregali,Submission,Armlock,Absolute Division,Male,Semi-Finals,Armlock
2022,2022 World Jiu-Jitsu IBJJF Championship,Erich Munis,Submission,Triangle Choke,Super Heavyweight,Male,Semi-Finals,Choke
2022,2022 World Jiu-Jitsu IBJJF Championship,Nicholas Meregali,Submission,Choke From The Back,Super Heavyweight,Male,Semi-Finals,Choke (Kimono)
2022,2022 World Jiu-Jitsu IBJJF Championship,Isaac Doederlein,Submission,Footlock,Featherweight,Male,Semi-Finals,Footlock
2022,2022 World Jiu-Jitsu IBJJF Championship,Meyram Maquine,Submission,Armlock,Light Featherweight,Male,Semi-Finals,Armlock
2022,2022 World Jiu-Jitsu IBJJF Championship,Nicholas Meregali,Submission,Loop Choke,Absolute Division,Male,Quarter-Finals,Choke (Kimono)
2022,2022 World Jiu-Jitsu IBJJF Championship,Fellipe Andrew,Submission,Footlock,Absolute Division,Male,Quarter-Finals,Footlock
2022,2022 World Jiu-Jitsu IBJJF Championship,Gutemberg Pereira,Submission,Choke From The Back,Ultra Heavyweight,Male,Quarter-Finals,Choke (Kimono)
2022,2022 World Jiu-Jitsu IBJJF Championship,Gabrieli Pessanha,Submission,Rear Naked Choke,Super Heavyweight,Female,Semi-Finals,Choke
2022,2022 World Jiu-Jitsu IBJJF Championship,Andressa Cintra,Submission,Footlock,Middleweight,Female,Semi-Finals,Footlock
2022,2022 World Jiu-Jitsu IBJJF Championship,Bianca Basilio,Submission,Triangle Choke,Featherweight,Female,Semi-Finals,Choke
2022,2022 World Jiu-Jitsu IBJJF Championship,Ana Rodrigues,Submission,Armlock,Light Featherweight,Female,Semi-Finals,Armlock
2022,2022 World Jiu-Jitsu IBJJF Championship,Mayssa Bastos,Submission,Choke,Rooster Weight,Female,Semi-Finals,Choke
2022,2022 World Jiu-Jitsu IBJJF Championship,Gabrieli Pessanha,Submission,Ezekiel Choke,Absolute Division,Female,Quarter-Finals,Choke (Kimono)
2022,2022 World Jiu-Jitsu IBJJF Championship,Ingridd Sousa,Submission,Triangle Arm Bar,Medium Heavyweight,Female,Quarter-Finals,Choke
2022,2022 World Jiu-Jitsu IBJJF Championship,Thamara Ferreira,Submission,Toehold,Middleweight,Female,Quarter-Finals,Footlock
2022,2022 World Jiu-Jitsu IBJJF Championship,Janaina Maia Lebre,Submission,Footlock,Lightweight,Female,Quarter-Finals,Footlock
2022,2022 World Jiu-Jitsu IBJJF Championship,Ana Rodrigues,Submission,Choke From The Back,Light Featherweight,Female,Quarter-Finals,Choke (Kimono)
2022,2022 Pan Jiu-Jitsu IBJJF Championship,Gutemberg Pereira,Submission,Choke,Ultra Heavyweight,Male,Semi-Finals,Choke
2022,2022 Pan Jiu-Jitsu IBJJF Championship,Erich Munis,Submission,Armlock,Super Heavyweight,Male,Semi-Finals,Armlock
2022,2022 Pan Jiu-Jitsu IBJJF Championship,Dimitrius Souza,Submission,Armlock,Heavyweight,Male,Semi-Finals,Armlock
2022,2022 Pan Jiu-Jitsu IBJJF Championship,Johnatha Alves,Submission,Choke From The Back,Lightweight,Male,Semi-Finals,Choke (Kimono)
2022,2022 Pan Jiu-Jitsu IBJJF Championship,Lucas Pinheiro,Submission,Footlock,Light Featherweight,Male,Semi-Finals,Footlock
2022,2022 Pan Jiu-Jitsu IBJJF Championship,Gutemberg Pereira,Submission,Armlock,Ultra Heavyweight,Male,Quarter-Finals,Armlock
2022,2022 Pan Jiu-Jitsu IBJJF Championship,Marcus Vinicius,Submission,Choke From The Back,Super Heavyweight,Male,Quarter-Finals,Choke (Kimono)
2022,2022 Pan Jiu-Jitsu IBJJF Championship,Erich Munis,Submission,Armlock,Super Heavyweight,Male,Quarter-Finals,Armlock
2022,2022 Pan Jiu-Jitsu IBJJF Championship,Dimitrius Souza,Submission,Choke From The Back,Heavyweight,Male,Quarter-Finals,Choke (Kimono)
2022,2022 Pan Jiu-Jitsu IBJJF Championship,Manuel Ribamar Filho,Submission,Armlock,Medium Heavyweight,Male,Quarter-Finals,Armlock
2022,2022 Pan Jiu-Jitsu IBJJF Championship,Tainan Dalpra,Submission,Choke From The Back,Middleweight,Male,Quarter-Finals,Choke (Kimono)
2022,2022 Pan Jiu-Jitsu IBJJF Championship,Andy Murasaki,Submission,Katagatame,Lightweight,Male,Quarter-Finals,Choke
2022,2022 Pan Jiu-Jitsu IBJJF Championship,Johnatha Alves,Submission,Toehold,Lightweight,Male,Quarter-Finals,Footlock
2022,2022 Pan Jiu-Jitsu IBJJF Championship,Ana Rodrigues,Submission,Choke,Featherweight,Female,Final,Choke
2022,2022 Pan Jiu-Jitsu IBJJF Championship,Ffion Davies,Submission,Armlock,Lightweight,Female,Semi-Finals,Armlock
2022,2022 Pan Jiu-Jitsu IBJJF Championship,Ana Rodrigues,Submission,Reverse Triangle,Featherweight,Female,Semi-Finals,Choke
2022,2022 Pan Jiu-Jitsu IBJJF Championship,Jessa Khan,Submission,Armlock,Light Featherweight,Female,Semi-Finals,Armlock
2022,2022 Pan Jiu-Jitsu IBJJF Championship,Gabrieli Pessanha,Submission,Choke From The Back,Absolute Division,Female,Quarter-Finals,Choke (Kimono)
2022,2022 Pan Jiu-Jitsu IBJJF Championship,Vannessa Griffin,Submission,Armlock,Middleweight,Female,Quarter-Finals,Armlock
2022,2022 Pan Jiu-Jitsu IBJJF Championship,Chloe Mcnally,Submission,Choke,Lightweight,Female,Quarter-Finals,Choke
2022,2022 European Jiu-Jitsu IBJJF Championship,Tainan Dalpra,Submission,Armlock,Middleweight,Male,Final,Armlock
2022,2022 European Jiu-Jitsu IBJJF Championship,Thalison Soares,Submission,Choke,Rooster Weight,Male,Final,Choke
2022,2022 European Jiu-Jitsu IBJJF Championship,Rafael Lovato Jr.,Submission,Choke,Ultra Heavyweight,Male,Semi-Finals,Choke
2022,2022 European Jiu-Jitsu IBJJF Championship,Fellipe Andrew,Submission,Arm Triangle Choke,Super Heavyweight,Male,Semi-Finals,Choke
2022,2022 European Jiu-Jitsu IBJJF Championship,Tommy Langaker,Submission,Choke,Middleweight,Male,Semi-Finals,Choke
2022,2022 European Jiu-Jitsu IBJJF Championship,Tainan Dalpra,Submission,Choke,Middleweight,Male,Semi-Finals,Choke
2022,2022 European Jiu-Jitsu IBJJF Championship,Isaac Doederlein,Submission,Choke,Featherweight,Male,Semi-Finals,Choke
2022,2022 European Jiu-Jitsu IBJJF Championship,Diego Sodre,Submission,Choke,Featherweight,Male,Semi-Finals,Choke
2022,2022 European Jiu-Jitsu IBJJF Championship,Hiago George,Submission,Mounted Triangle,Light Featherweight,Male,Semi-Finals,Choke
2022,2022 European Jiu-Jitsu IBJJF Championship,Guilherme Bacha Guedes,Submission,Kimura,Ultra Heavyweight,Male,Quarter-Finals,Shoulder Lock
2022,2022 European Jiu-Jitsu IBJJF Championship,Rafael Lovato Jr.,Submission,Armlock,Ultra Heavyweight,Male,Quarter-Finals,Armlock
2022,2022 European Jiu-Jitsu IBJJF Championship,Fellipe Andrew,Submission,Armlock,Super Heavyweight,Male,Quarter-Finals,Armlock
2022,2022 European Jiu-Jitsu IBJJF Championship,Mayssa Bastos,Submission,Armlock,Light Featherweight,Female,Final,Armlock
2022,2022 European Jiu-Jitsu IBJJF Championship,Mayssa Bastos,Submission,Choke From The Back,Light Featherweight,Female,Semi-Finals,Choke (Kimono)
2022,2022 European Jiu-Jitsu IBJJF Championship,Ana Rodrigues,Submission,Choke From The Back,Featherweight,Female,Quarter-Finals,Choke (Kimono)
2023,2023 Pan Jiu-Jitsu IBJJF Championship,Nicholas Meregali,Submission,Choke From The Back,Ultra Heavyweight,Male,Final,Choke (Kimono)
2023,2023 Pan Jiu-Jitsu IBJJF Championship,Erich Munis,Submission,Armlock,Super Heavyweight,Male,Final,Armlock
2023,2023 Pan Jiu-Jitsu IBJJF Championship,Tainan Dalpra,Submission,Choke From The Back,Middleweight,Male,Final,Choke (Kimono)
2023,2023 Pan Jiu-Jitsu IBJJF Championship,Erich Munis,Submission,Choke From The Back,Absolute Division,Male,Semi-Finals,Choke (Kimono)
2023,2023 Pan Jiu-Jitsu IBJJF Championship,Nicholas Meregali,Submission,Choke From The Back,Absolute Division,Male,Semi-Finals,Choke (Kimono)
2023,2023 Pan Jiu-Jitsu IBJJF Championship,Roosevelt Sousa,Submission,Shoulder Lock,Ultra Heavyweight,Male,Semi-Finals,Shoulder Lock
2023,2023 Pan Jiu-Jitsu IBJJF Championship,Nicholas Meregali,Submission,Choke From The Back,Ultra Heavyweight,Male,Semi-Finals,Choke (Kimono)
2023,2023 Pan Jiu-Jitsu IBJJF Championship,Fellipe Andrew,Submission,Arm Triangle Choke,Heavyweight,Male,Semi-Finals,Choke
2023,2023 Pan Jiu-Jitsu IBJJF Championship,Gustavo Batista,Submission,Katagatame,Medium Heavyweight,Male,Semi-Finals,Choke
2023,2023 Pan Jiu-Jitsu IBJJF Championship,Pedro Maia,Submission,Cachecol Choke,Middleweight,Male,Semi-Finals,Choke (Kimono)
2023,2023 Pan Jiu-Jitsu IBJJF Championship,Johnatha Alves,Submission,Armlock,Lightweight,Male,Semi-Finals,Armlock
2023,2023 Pan Jiu-Jitsu IBJJF Championship,Nicholas Meregali,Submission,Choke From The Back,Absolute Division,Male,Quarter-Finals,Choke (Kimono)
2023,2023 Pan Jiu-Jitsu IBJJF Championship,Erich Munis,Submission,Cross Choke,Super Heavyweight,Male,Quarter-Finals,Choke (Kimono)
2023,2023 Pan Jiu-Jitsu IBJJF Championship,Nicholas Meregali,Submission,Choke From The Back,Super Heavyweight,Male,Quarter-Finals,Choke (Kimono)
2023,2023 Pan Jiu-Jitsu IBJJF Championship,Ana Carolina Vieira,Submission,Armlock,Absolute Division,Female,Semi-Finals,Armlock
2023,2023 Pan Jiu-Jitsu IBJJF Championship,Anna Rodriguez,Submission,Choke From The Back,Featherweight,Female,Semi-Finals,Choke (Kimono)
2023,2023 Pan Jiu-Jitsu IBJJF Championship,Jessica Caroline,Submission,Choke From The Back,Rooster Weight,Female,Semi-Finals,Choke (Kimono)
2023,2023 Pan Jiu-Jitsu IBJJF Championship,Ana Carolina Vieira,Submission,Choke From The Back,Absolute Division,Female,Quarter-Finals,Choke (Kimono)
